Pas_Junctiune,Cluster_1,Cluster_2,Distanta,Numar_Instante
Fuziune 1,0.0,1.0,140.78352176302454,2.0
Fuziune 2,2.0,3.0,166.8891847903872,2.0
Fuziune 3,4.0,5.0,942.1793884393778,4.0
